INSERT INTO brands (id,name,slug,created_at) VALUES (1,'Nike','nike',NOW());
INSERT INTO brands (id,name,slug,created_at) VALUES (2,'Adidas','adidas',NOW());
INSERT INTO brands (id,name,slug,created_at) VALUES (3,'Puma','puma',NOW());
INSERT INTO categories (id,name,slug,created_at) VALUES (1,'Shoes','shoes',NOW());
INSERT INTO categories (id,name,slug,created_at) VALUES (2,'Apparel','apparel',NOW());
INSERT INTO categories (id,name,slug,created_at) VALUES (3,'Accessories','accessories',NOW());
INSERT INTO products (id,title,brand_id,category_id,description,created_at) VALUES (1,'Air Zoom Pegasus 40',1,1,'Sample description',NOW());
INSERT INTO products (id,title,brand_id,category_id,description,created_at) VALUES (2,'Ultraboost Light',2,1,'Sample description',NOW());
INSERT INTO products (id,title,brand_id,category_id,description,created_at) VALUES (3,'Future Rider',3,1,'Sample description',NOW());
INSERT INTO product_variants (id,product_id,sku,attributes,price,created_at) VALUES (1,1,'NK-PEG-40-BLK-42','{"color":"Black","size":"42"}',120.0,NOW());
INSERT INTO product_variants (id,product_id,sku,attributes,price,created_at) VALUES (2,1,'NK-PEG-40-BLK-43','{"color":"Black","size":"43"}',120.0,NOW());
INSERT INTO product_variants (id,product_id,sku,attributes,price,created_at) VALUES (3,2,'AD-UB-LT-WHT-42','{"color":"White","size":"42"}',180.0,NOW());
INSERT INTO product_variants (id,product_id,sku,attributes,price,created_at) VALUES (4,3,'PM-FR-RED-41','{"color":"Red","size":"41"}',95.0,NOW());
INSERT INTO inventory (variant_id,stock_on_hand,reserved,threshold,updated_at) VALUES (1,19,0,5,NOW());
INSERT INTO inventory (variant_id,stock_on_hand,reserved,threshold,updated_at) VALUES (2,36,0,5,NOW());
INSERT INTO inventory (variant_id,stock_on_hand,reserved,threshold,updated_at) VALUES (3,15,0,5,NOW());
INSERT INTO inventory (variant_id,stock_on_hand,reserved,threshold,updated_at) VALUES (4,46,0,5,NOW());
INSERT INTO users (id,email,password_hash,mfa_enabled,created_at) VALUES (1,'alice@example.com','$2y$10$hashhere',0,NOW());
INSERT INTO users (id,email,password_hash,mfa_enabled,created_at) VALUES (2,'bob@example.com','$2y$10$hashhere',0,NOW());
INSERT INTO user_addresses (id,user_id,line1,city,country,is_default,created_at) VALUES (1,1,'123 Main St','NYC','USA',1,NOW());
INSERT INTO payment_methods (id,user_id,psp,token_last4,brand,exp_month,exp_year,created_at) VALUES (1,1,'stripe','4242','visa',12,2030,NOW());
INSERT INTO carts (id,user_id,created_at) VALUES (1,1,NOW());
INSERT INTO cart_items (id,cart_id,variant_id,qty,price_at_add,created_at) VALUES (1,1,1,1,120.00,NOW());
INSERT INTO orders (id,user_id,shipping_address_id,total,status,placed_at) VALUES (1,1,1,120.00,'placed',NOW());
INSERT INTO order_items (id,order_id,variant_id,qty,price) VALUES (1,1,1,1,120.00);
INSERT INTO payments (id,order_id,psp,transaction_id,status,paid_at,created_at) VALUES (1,1,'stripe','txn_123','succeeded',NOW(),NOW());
INSERT INTO invoices (id,order_id,number,amount,issued_at,created_at) VALUES (1,1,'INV-1001',120.00,NOW(),NOW());
INSERT INTO shipments (id,order_id,carrier,tracking_number,status,shipped_at,created_at) VALUES (1,1,'UPS','1Z999','in_transit',NOW(),NOW());
INSERT INTO reviews (id,user_id,product_id,rating,content,verified_purchase,created_at) VALUES (1,1,1,5.0,'Great shoes!',1,NOW());
INSERT INTO coupons (id,code,rule,starts_at,ends_at,max_redemptions,created_at) VALUES (1,'WELCOME10','{"discount":10}',NOW(),DATE_ADD(NOW(),INTERVAL 30 DAY),100,NOW());
INSERT INTO order_coupons (order_id,coupon_id) VALUES (1,1);
INSERT INTO refunds (id,order_id,payment_id,amount,reason,status,refunded_at,created_at) VALUES (1,1,1,10.00,'Size issue','refunded',NOW(),NOW());